2,1
51.87,79.72,1249.99
-30.66,-15.64,-516.61
-57.57,94.22,312.09
-122.1,5.15,-1544.9
-53.45,41.87,-201.57
-43.56,15.15,-363.44
-4.8,31.32,527.51
-17.71,38.46,91.0
25.58,2.89,525.75
-27.96,-24.28,-318.95
-35.7,14.47,-230.36
-65.99,-35.72,-1170.11
-29.66,-27.4,-628.54
-1.74,35.12,389.55
31.45,115.68,1562.82
-90.08,-15.42,-1153.97
-32.96,31.62,70.32
-0.56,93.37,848.7
-11.88,41.89,395.08
-0.16,60.87,555.25
-64.18,-8.03,-715.86
3.41,66.06,596.73
6.52,46.54,600.93
2.99,26.9,280.16
2.31,47.34,523.53
-23.11,68.99,126.94
19.34,87.63,888.28
50.71,138.75,1789.23
-0.99,23.23,207.07
-13.17,44.68,-67.75
-39.23,36.84,-331.61
-47.03,1.8,-472.52
14.11,95.79,1059.12
-37.29,46.34,-392.36
-13.53,74.48,616.71
-62.28,1.54,-799.2
-25.2,-15.09,-631.73
3.39,65.08,612.42
-11.63,108.12,833.66
-51.69,-17.46,-883.38
-72.12,3.26,-814.78
-33.86,53.17,-118.08
-15.51,89.92,606.79
-25.62,-51.38,-810.5
-8.9,26.02,117.29
4.14,74.28,619.91
-17.15,32.6,-45.81
-1.75,77.59,654.1
-5.25,120.73,846.18
-49.67,81.42,-227.23
-33.04,19.7,-226.91
-77.13,-51.21,-1620.71
-28.01,53.29,9.36
-53.73,-28.21,-517.45
-42.11,-8.59,-548.74
8.82,-2.12,241.52
-15.88,12.41,-25.61
30.31,66.83,631.24
-54.2,33.13,-466.7
34.39,75.32,982.5
-41.05,20.7,-372.85
-83.35,-12.87,-985.71
-10.23,8.56,-355.69
-59.59,42.8,-574.36
-11.36,50.03,286.44
-8.32,79.61,324.29
-8.91,21.25,120.56
70.69,103.72,1660.58
-41.45,-12.11,-613.72
-32.99,-5.71,-616.11
-16.92,-26.53,-298.82
-22.45,90.77,253.28
-60.87,11.93,-644.63
3.68,-3.9,89.55
-2.29,21.18,-115.39
44.48,118.9,1400.51
-19.1,34.87,-17.66
45.94,99.24,1192.94
-24.47,46.71,-121.68
-6.28,78.15,373.84
-7.45,35.68,36.99
-46.48,54.52,-281.53
-35.31,25.74,-54.18
25.18,83.09,739.16
-37.08,28.01,-302.09
-14.37,9.54,-58.3
34.15,63.26,954.06
-52.13,7.72,-848.4
0.17,41.77,463.51
3.18,58.73,633.3
-38.64,40.85,-87.02
9.09,28.73,329.94
-11.83,66.54,369.13
-35.74,-14.42,-499.24
-66.24,20.21,-668.2
-57.37,37.37,-343.81
-6.84,43.04,-146.8
19.01,73.5,896.28
2.39,21.16,284.94
17.1,-6.49,119.88
-35.61,45.97,-127.19
-20.05,56.42,163.55
7.3,-12.42,100.77
21.04,44.61,361.93
33.51,30.93,739.52
22.0,48.42,552.68
-43.43,14.09,-503.12
-40.52,82.6,-24.25
1.18,-0.45,-152.6
-50.52,-5.58,-598.24
4.3,12.79,230.12
45.27,70.6,1148.19
-12.61,2.41,-61.14
-39.38,-37.47,-817.81
27.24,71.78,973.81
-62.9,-2.7,-620.53
-41.77,73.33,-35.56
-84.84,2.2,-1019.61
-12.99,56.41,333.33
22.94,86.96,1245.16
-55.94,-12.58,-653.71
7.2,-6.4,222.89
-39.91,18.03,-419.68
-39.11,34.66,-130.17
-30.27,37.11,225.32
36.89,97.26,1140.69
9.59,-20.06,-96.84
-42.05,13.41,-439.02
-37.11,-14.6,-625.13
-8.5,22.91,115.17
34.06,74.15,752.58
-54.94,-30.94,-975.97
16.93,100.26,899.24
-19.02,69.93,344.17
-42.18,17.46,-293.59
-16.43,30.85,-251.54
34.34,76.43,876.54
-86.79,12.82,-1232.52
-40.23,2.25,-509.97
-51.34,11.22,-440.26
-25.52,65.22,-28.47
-104.09,-50.86,-1482.66
-61.84,-3.68,-842.83
-37.59,27.86,-339.87
18.85,55.13,367.1
-4.45,-21.53,-255.31
-25.33,6.02,113.5
-17.07,50.96,151.95
14.82,84.04,760.88
-15.67,-6.46,-171.73
-10.81,-29.42,-274.17
-19.72,118.22,316.93
-41.21,-50.82,-876.86
2.8,-9.72,-291.73
-85.0,-46.16,-1339.38
-33.99,33.55,-73.38
-0.56,9.91,163.18
16.71,27.75,290.68
-32.74,50.76,-332.68
-45.23,-79.69,-1226.86
4.51,38.82,318.96
-71.07,33.54,-655.65
38.84,148.58,1621.26
-45.05,50.1,-186.87
16.76,61.11,647.46
33.02,95.03,937.36
8.6,11.58,280.42
-34.59,20.93,-340.19
-38.6,-40.48,-874.27
-68.63,3.21,-620.82
41.61,118.96,1471.12
-50.76,35.96,-315.45
43.74,8.91,516.38
-9.85,85.01,365.58
-21.19,-4.53,-176.15
13.17,50.62,548.3
10.28,74.35,606.64
-64.58,-40.76,-989.58
-43.2,13.92,-195.6
-25.69,16.4,-176.63
-23.01,91.81,253.98
-53.39,21.43,-268.77
-34.48,21.5,-437.45
-47.31,30.84,-8.59
-76.35,34.42,-756.33
-10.6,65.27,215.47
33.82,-25.01,421.41
-22.26,18.28,-186.11
-26.41,51.56,16.69
-38.69,45.08,-184.52
70.95,145.81,1740.24
-47.61,-51.88,-1122.81
-95.79,4.84,-1338.52
-77.79,3.12,-729.61
31.44,65.34,828.95
-46.9,57.78,-212.7
-23.86,51.36,-66.04
-50.04,-1.04,-630.71
-47.47,61.51,-160.14
-29.89,78.57,346.98
-52.84,-17.49,-653.69
-5.07,-34.51,-356.22
-70.04,-8.87,-1076.03
-26.46,-18.07,-385.48
-48.46,0.86,-685.24
-26.96,41.22,-191.71
-13.94,29.0,-55.62
4.51,26.5,-208.07
-31.55,24.95,-89.69
17.34,65.37,967.34
-39.23,53.18,111.57
76.57,50.32,1405.92
-11.85,113.02,437.25
-30.54,66.27,243.95
-15.97,64.28,274.72
-93.33,-30.7,-1531.49
17.0,41.13,687.29
-40.88,-23.55,-720.15
-19.44,96.81,350.47
4.89,2.17,449.68
-90.16,40.18,-834.8
-7.17,52.92,76.25
-26.41,-14.01,-322.11
28.82,59.32,997.63
-18.2,109.2,601.82
-20.89,80.11,307.85
-28.55,39.21,-184.46
-72.63,-29.57,-1295.57
2.3,42.49,388.2
-73.62,24.79,-771.92
-67.13,-49.62,-1200.57
-20.03,72.12,135.52
-17.27,-5.43,-145.01
-20.25,87.7,413.27
-16.36,27.07,-140.42
29.44,-26.86,245.4
14.35,70.12,543.03
-66.54,-0.52,-988.41
47.74,36.85,1088.15
-19.24,10.35,-43.85
-39.84,-6.22,-539.82
-28.93,39.16,28.08
-37.44,45.97,-617.84
24.57,83.22,867.02
-25.8,66.43,38.14
-16.42,77.65,415.51
-12.09,-19.95,-155.25
-47.15,-56.26,-887.87
-2.21,53.43,480.43
-32.14,3.45,-289.24
-23.41,93.72,418.78
-47.57,26.8,-306.84
-10.6,109.32,707.18
39.55,54.96,1022.15
-40.9,-14.31,-679.12
-84.13,-43.7,-1413.53
43.14,59.89,1119.99
-53.56,-60.43,-1231.9
-73.59,33.79,-630.34
-8.72,-17.43,-126.52
-31.48,72.21,362.51
-23.38,-4.38,-120.2
23.6,88.27,818.91
-13.89,28.98,66.36
-13.29,26.8,8.59
4.61,30.12,2.02
-22.03,0.06,-481.49
-31.58,48.2,-253.41
-1.78,82.94,580.32
-0.24,73.7,576.84
-1.48,11.21,28.94
-92.94,-56.67,-1480.53
-52.97,13.58,-655.83
-19.33,19.25,-122.8
-37.42,38.52,-20.99
19.57,66.64,898.5
3.54,64.89,647.76
-40.37,-4.98,-266.64
-70.22,12.74,-912.91
43.4,66.31,836.78
-11.99,112.91,637.99
8.82,35.95,285.91
-38.3,40.63,-4.71
-59.01,30.1,-667.53
-68.07,18.23,-788.22
-54.28,33.3,-464.1
11.53,89.9,907.68
33.69,35.12,695.96
-30.33,12.27,-362.34
3.97,55.21,423.3
11.17,8.9,38.96
-42.64,23.05,-239.55
-15.01,59.55,317.44
10.05,42.37,341.04
-12.5,50.83,99.48
-23.51,36.7,5.53
4.57,34.5,572.2
21.59,63.28,559.48
-16.15,54.31,99.57
-26.87,6.06,-391.66
29.04,-4.63,215.32
-61.93,-15.79,-913.79
-97.89,-76.13,-1407.37
-17.09,47.86,144.36
-28.19,40.52,150.96
6.84,7.16,219.67
-73.96,62.21,-366.57
-20.78,80.63,463.22
39.18,108.65,1140.29
-15.3,40.39,240.48
-18.95,40.39,75.52
-17.07,127.15,574.3
-60.54,48.45,-452.64
-64.03,14.13,-777.72
-28.34,31.71,-36.97
-74.17,42.81,-708.22
-30.68,7.18,-638.59
-61.98,-8.72,-964.11
-2.26,93.14,502.54
-71.64,-36.42,-1257.72
1.71,65.43,657.42
-7.26,55.57,136.9
-2.6,-3.51,319.17
-43.64,-0.1,-300.55
-40.46,21.49,-387.5
-25.72,-31.86,-637.15
-23.6,37.41,-312.27
-11.52,27.28,132.94
29.25,135.68,1225.59
-48.06,13.66,-658.38
7.56,15.44,-129.57
-22.3,44.5,40.19
4.09,60.67,474.05
53.55,72.21,1061.76
31.71,35.28,275.04
-43.9,-13.68,-622.96
-53.4,53.94,-63.08
-42.27,18.82,-371.89
-51.95,25.89,-320.32
-71.55,-67.45,-1479.23
50.42,51.93,987.03
-22.4,41.39,6.59
-50.47,-23.1,-912.72
21.47,51.91,753.32
-1.03,70.95,341.9
28.25,64.51,933.92
22.07,84.91,694.98
-30.48,-21.89,-609.24
-43.77,31.03,-543.58
-12.71,31.79,-97.7
-17.67,86.58,574.11
-29.3,-16.98,-531.39
10.17,39.44,383.16
30.74,108.36,1257.4
-84.13,5.59,-1143.18
-21.73,14.36,157.82
39.31,90.05,927.56
-16.72,69.64,178.4
35.26,119.88,1160.86
-10.44,63.54,465.7
-19.59,23.63,43.19
-0.95,23.82,230.71
-75.45,19.06,-726.6
-21.2,-10.76,-455.96
-56.54,35.34,-695.41
-38.27,28.07,-321.94
-39.81,5.09,-164.61
-85.35,4.52,-1157.62
-16.34,91.97,459.43
-35.06,-13.45,-555.64
-63.9,12.65,-890.76
-42.68,39.63,79.76
23.57,89.57,874.79
23.58,21.47,485.48
0.47,73.15,420.96
-32.49,46.83,199.24
-4.61,70.42,273.43
-134.37,-5.22,-2136.59
-52.49,56.61,-254.57
16.92,117.6,1008.87
-13.73,-18.0,-177.97
-33.07,12.69,-500.01
47.26,69.79,878.1
-79.8,-19.23,-1218.85
-21.81,7.29,-104.48
-15.71,25.71,-143.45
-0.39,15.51,164.72
9.35,79.16,758.36
-19.4,-11.05,-489.92
-45.8,-64.03,-1050.98
-4.72,23.63,208.02
-34.05,6.46,-434.66
34.64,36.74,697.14
4.19,85.19,658.53
-28.92,38.61,-290.48
13.45,63.95,720.98
-13.76,40.66,49.81
-7.9,20.91,193.34
-4.92,99.81,544.15
-74.16,-1.55,-906.47
54.58,40.45,857.85
-50.55,-9.0,-546.93
22.64,53.07,785.18
-66.73,58.96,-223.38
40.87,53.64,1097.43
-22.55,76.52,340.44
0.94,73.94,619.54
65.88,79.62,1434.51
2.82,-11.35,-24.39
-14.29,45.44,177.67
24.07,49.39,664.17
17.11,138.46,1206.94
-1.13,86.22,722.16
21.07,52.3,572.64
-12.05,52.52,41.65
-15.08,99.46,553.07
-25.65,-7.03,-351.16
-18.1,48.81,-21.13
13.77,59.79,863.04
-32.72,17.74,-217.9
-48.04,6.34,-805.5
-39.66,27.04,-275.09
8.5,50.03,546.53
-33.6,22.88,-394.09
-19.71,23.03,-164.16
-4.03,87.76,602.62
-4.91,27.99,-117.71
-29.11,8.33,-386.74
2.3,13.35,253.19
-7.64,90.93,508.26
-54.0,-32.83,-731.9
-54.5,8.11,-582.85
-39.38,23.68,-236.13
-36.15,20.92,-288.85
-3.6,91.32,628.5
19.01,27.21,578.78
-30.25,12.57,-420.73
-0.7,49.04,235.47
5.38,51.5,447.16
-23.44,45.12,-243.34
-16.68,13.1,35.08
-45.59,46.29,-163.1
-14.08,70.66,173.67
61.56,62.85,1051.38
15.39,85.1,1059.82
18.22,-10.92,-52.59
-61.99,-46.61,-796.18
-46.4,48.29,-25.35
-16.73,39.48,268.35
-94.29,-15.65,-1349.27
-35.92,56.1,-164.65
-6.94,73.16,408.46
-26.98,76.19,161.87
-27.1,1.42,-567.5
42.79,92.5,1237.78
-17.23,2.68,-271.72
-42.92,73.19,-99.34
-20.93,49.26,-50.36
-51.0,66.19,-218.06
-15.17,-17.46,-515.03
-8.17,55.32,70.51
-50.84,-38.28,-573.59
-51.88,11.8,-348.65
-76.64,25.92,-836.07
13.74,67.15,784.45
1.86,-34.48,-158.84
-14.56,-12.36,-169.22
28.26,39.1,879.61
-24.11,72.61,-17.7
-9.34,86.81,484.77
-46.64,0.2,-274.2
14.62,54.48,523.95
-58.87,-35.59,-1081.17
-39.67,-30.15,-621.9
-12.73,53.31,361.83
-20.04,72.96,142.07
-26.01,28.67,-144.17
-24.24,20.66,-299.82
-58.74,-29.81,-911.01
18.1,119.83,1145.87
5.84,80.28,415.43
25.01,115.4,1106.08
-18.06,35.53,-23.07
1.48,43.58,438.82
-12.92,46.8,570.25
-60.98,-5.79,-798.86
-57.97,47.96,-509.72
1.83,72.46,705.73
-27.75,20.93,-314.32
-0.24,1.13,-117.92
-79.06,-11.98,-1105.59
2.32,60.14,452.13
-55.77,16.55,-580.58
0.87,4.3,-30.72
21.95,109.13,1148.95
47.13,87.03,1071.08
-39.3,-34.24,-590.45
22.94,51.9,795.21
1.96,74.89,415.34
-81.65,18.52,-840.45
-38.16,-30.03,-917.48
26.83,10.32,335.72
-23.65,26.29,-99.63
-50.77,-13.84,-646.6
30.61,15.4,254.78
-0.63,67.87,596.72
11.6,21.86,321.93
-10.46,68.92,186.38
-37.87,3.39,-368.72
-23.8,85.86,515.5
-39.13,-50.07,-1061.4
-25.6,17.69,-226.64
-26.21,104.21,173.32
-20.71,-1.07,-151.56
0.94,91.87,504.63
-19.52,132.45,663.1
-9.21,23.83,-390.48
-40.89,17.77,-218.47
9.1,28.49,424.03
19.12,96.47,994.35
31.18,21.43,831.31
-5.03,41.26,112.03
25.27,14.13,599.92
-52.34,-99.84,-1172.48
-23.67,66.34,462.08
-39.38,59.83,-37.86
-48.92,-13.78,-697.14
-81.31,32.7,-908.82
19.32,30.92,732.42
11.82,81.63,593.72
-12.41,-17.7,-399.58
-0.28,161.95,1109.6
-6.24,39.99,341.85
-9.12,-2.09,-323.83
-30.91,23.77,188.1
-20.95,5.93,-234.25
-13.79,13.81,-184.03
5.85,18.45,165.49
-22.73,50.73,105.25
-8.83,43.64,245.65
2.18,77.44,508.15
-27.98,13.63,-333.29
-1.58,-10.13,-56.94
-31.28,22.82,-245.67
31.1,39.45,782.18
-93.75,24.54,-999.8
-23.59,50.3,60.59
14.99,44.9,710.81
-97.26,-46.22,-1591.51
28.39,35.23,413.55
24.24,16.51,317.54
-29.31,33.91,-263.9
15.99,39.9,343.69
-29.52,3.26,-435.82
8.26,12.06,487.1
-62.3,35.71,-679.41
-55.77,14.6,-570.6
-20.65,40.56,91.24
-4.79,12.48,140.79
10.74,55.97,564.18
-6.98,21.21,278.94
-6.48,50.3,369.38
-86.92,-23.53,-1405.35
-24.35,92.84,449.95
-3.94,-4.85,-143.55
-32.35,-38.1,-763.12
-36.11,-20.84,-606.85
-32.84,-26.42,-479.51
4.59,9.19,129.64
34.28,76.16,917.85
-19.81,52.65,77.35
13.42,82.34,867.39
-104.07,-10.15,-1355.39
-11.67,73.65,454.92
-54.89,-64.65,-1271.87
24.92,81.45,847.5
4.37,60.92,582.79
-13.87,55.39,63.34
16.74,38.19,588.71
-20.53,46.83,23.39
-44.46,2.24,-631.12
-9.17,87.15,296.58
-46.93,37.7,-305.75
-30.58,-2.41,-483.62
-28.95,152.57,903.63
23.78,56.94,685.25
-25.01,33.76,-378.5
-9.3,-15.2,-186.12
-8.02,4.93,-153.27
-6.73,92.79,648.51
13.84,76.13,881.84
0.13,14.08,68.67
12.79,117.76,1048.82
-13.43,0.45,-178.21
-0.01,16.3,205.36
-97.46,-16.73,-1416.65
37.7,23.1,774.2
7.03,77.97,488.01
-54.82,9.0,-653.84
-37.58,-24.25,-455.62
-53.73,-18.5,-589.6
-2.47,32.37,97.8
-4.76,82.11,630.73
16.84,53.82,564.53
-62.12,-2.84,-907.53
-34.04,17.26,-307.16
21.1,45.81,762.63
30.36,60.26,753.52
-4.71,41.16,305.76
-24.62,60.76,280.56
-75.72,-16.09,-999.29
-15.06,54.09,330.41
-88.9,54.31,-617.47
-5.05,67.91,675.01
-11.15,56.41,340.54
-11.62,7.45,121.66
-44.04,3.85,-555.6
-11.09,15.52,-75.45
-28.38,26.54,-110.28
-20.81,20.98,-423.2
-8.97,77.66,335.81
-4.83,26.0,314.28
33.28,27.25,398.15
-40.94,27.5,-230.52
-26.53,27.18,10.14
-24.2,68.43,245.27
-79.8,10.02,-770.6
16.86,125.59,1209.63
2.95,46.68,620.9
-44.54,-21.47,-734.76
-0.28,83.37,632.27
-7.41,77.88,746.52
-9.98,42.36,278.42
-34.5,8.83,-415.11
-21.28,35.45,-283.55
10.66,13.13,200.82
30.33,69.69,946.41
-93.98,-47.86,-1534.56
-49.36,-82.34,-1055.65
-17.45,67.3,161.11
-43.07,33.76,-111.4
-40.36,30.35,-333.98
-39.53,23.09,-599.26
-59.83,71.29,-277.6
25.93,57.72,809.77
-25.36,-39.91,-742.71
-47.59,18.99,-395.6
79.5,109.54,1615.28
-6.91,59.84,411.12
-10.03,47.68,267.29
6.97,3.04,257.48
-41.05,-3.15,-671.43
-44.94,-10.63,-970.81
-40.79,16.51,-244.84
21.52,62.65,539.96
-17.71,80.33,465.51
-33.95,23.5,-131.14
-68.6,-80.07,-1637.6
-18.45,99.01,458.47
-0.5,79.99,313.59
1.47,20.55,236.44
33.54,90.48,922.89
-48.22,62.67,-259.7
-85.72,29.12,-863.42
7.01,-22.48,-269.99
51.42,75.64,1282.88
-32.93,-16.56,-439.35
-7.47,65.28,365.14
1.35,75.68,303.59
-20.68,45.82,82.8
-14.45,51.45,210.89
-99.97,-53.91,-1720.68
-48.81,-9.64,-577.16
9.83,14.45,-5.83
-33.69,131.24,518.39
-7.42,12.94,-46.94
-35.11,14.43,-318.57
0.24,3.17,-260.81
2.59,15.27,176.55
-41.35,-43.49,-792.17
-36.54,78.64,148.53
-48.9,56.96,-392.72
-28.24,9.43,-282.81
-3.54,-34.57,-369.47
-85.27,-22.92,-1047.33
20.04,21.2,230.23
-39.46,90.11,321.37
-50.74,21.22,-251.43
31.49,60.37,922.03
-27.2,-15.48,-153.15
-20.32,11.03,-282.79
14.09,61.03,537.76
0.85,33.64,162.36
-27.86,42.52,-121.68
-11.85,32.34,-132.04
-34.17,55.34,95.99
-68.5,-7.35,-911.59
-30.69,-28.42,-691.13
-4.25,29.53,22.57
20.33,80.51,953.12
6.5,51.22,504.91
-14.12,-29.29,-576.15
-41.47,78.77,84.81
-32.94,46.54,224.97
-45.19,-23.94,-726.83
-23.97,94.3,324.96
-61.9,-54.24,-1098.16
15.58,75.97,781.53
-17.27,26.34,34.63
-36.19,73.62,133.16
-69.36,30.26,-1005.19
13.98,28.43,348.79
23.63,127.9,1154.31
-49.54,30.39,-491.6
-7.58,51.39,236.6
-9.61,110.2,542.31
49.39,87.67,1026.76
-53.58,-23.52,-988.12
-2.63,21.63,223.34
9.49,76.54,534.66
-7.66,-8.3,-21.22
-79.35,-19.19,-1068.73
-34.09,31.58,-334.99
1.49,83.79,487.39
40.94,-13.84,282.8
0.73,46.04,196.74
-100.55,-6.97,-1268.89
-18.11,11.23,-107.85
-60.29,-34.8,-1287.19
10.24,57.86,578.11
-65.35,11.53,-945.0
-25.94,12.73,-346.59
0.32,62.64,717.37
-54.18,-34.49,-1064.17
-52.54,-34.68,-859.26
-76.59,-59.57,-1500.75
-97.94,-46.47,-1422.77
-7.2,54.29,296.83
-23.83,20.47,-128.74
-44.55,-41.33,-888.56
-18.0,68.99,104.08
-17.27,47.14,-61.55
-29.34,18.8,-57.0
-65.94,-37.74,-1305.05
-14.97,49.8,375.62
43.75,32.94,786.33
-30.23,-3.36,-534.33
-34.91,-26.1,-546.58
22.9,129.59,1051.85
19.02,59.62,697.48
4.75,50.59,378.71
-37.6,64.65,244.47
-34.67,31.08,-524.34
20.77,-40.53,-34.37
-33.53,19.14,10.79
-54.97,48.16,-578.44
0.12,77.84,510.5
-23.45,52.0,-98.67
-63.52,7.51,-789.21
14.86,56.7,617.24
-3.72,44.81,120.42
-86.62,-24.46,-1155.98
0.65,46.35,246.53
-46.53,40.6,-304.51
-17.13,33.23,-96.44
-19.71,89.16,306.55
-3.04,-17.27,65.96
35.94,28.29,772.14
27.94,99.21,1251.8
29.16,61.28,773.52
-25.51,7.33,37.71
38.83,58.59,851.09
-4.13,36.75,193.29
-17.75,87.12,357.29
13.66,54.14,568.0
-28.17,-67.09,-587.83
-14.47,17.1,-259.41
-18.05,58.02,-194.52
-26.42,-12.72,-319.11
-59.02,7.64,-623.01
-29.33,85.28,470.37
55.05,56.3,1083.66
4.04,97.04,566.95
58.84,92.71,1385.89
-29.26,6.98,79.94
-18.2,51.51,-37.24
-2.13,12.48,-48.25
-5.5,54.29,325.97
-75.58,-1.3,-808.26
10.29,55.37,577.27
9.13,48.77,749.58
-18.2,15.63,-216.19
-10.58,76.42,234.49
-3.85,71.86,321.91
-18.66,0.75,-139.9
-1.74,50.98,318.55
-3.22,-25.88,-144.21
-46.97,75.86,103.82
-11.29,75.18,305.46
-7.45,30.07,33.82
-39.37,6.02,-269.74
-51.5,-19.38,-784.07
-22.57,31.81,45.94
-40.61,78.59,-14.42
44.63,80.35,975.12
-10.81,51.05,230.11
23.62,67.88,730.97
50.55,134.76,1762.53
-35.77,15.63,-404.17
22.66,89.33,851.28
13.92,34.01,477.51
6.79,14.4,307.94
-10.84,33.83,87.53
19.88,65.65,534.45
-80.11,-63.57,-1532.69
-37.71,69.84,-50.15
-12.3,25.43,133.05
-18.07,-12.17,-381.18
-46.91,80.3,-5.66
-109.6,25.23,-1341.02
-37.12,52.89,-186.49
1.64,14.05,318.42
-85.52,-20.64,-1162.63
16.8,65.34,772.71
9.24,62.54,535.54
-15.22,-3.46,-311.14
-93.15,9.49,-1160.61
1.13,-38.93,-345.8
-36.58,-19.3,-529.03
-30.25,-19.44,-587.18
-46.65,5.72,-323.89
16.31,23.01,282.6
-57.28,-14.44,-748.36
-15.28,-36.04,-375.78
-51.65,65.46,-293.47
-13.96,79.23,374.72
-53.64,35.28,-556.35
-3.39,43.99,133.23
-33.26,-47.65,-676.37
-51.28,-10.44,-864.53
-63.22,7.51,-678.79
-51.17,-31.43,-909.22
26.75,50.25,515.28
-62.08,38.35,-316.23
9.36,43.65,540.95
23.29,116.29,797.97
-58.18,-15.93,-1048.24
-2.05,3.87,52.34
-34.5,11.22,-241.21
-19.22,43.57,-3.52
-47.12,33.71,-472.38
-31.21,3.45,-401.49
-43.53,42.71,-385.36
-48.27,45.94,-197.65
-5.81,91.77,382.94
-34.2,-23.51,-791.1
-12.95,28.27,-29.79
4.93,84.01,466.52
-28.53,9.91,-166.18
-62.33,-9.56,-878.76
-39.79,18.86,-247.55
-47.96,40.28,-605.89
45.95,105.61,1254.4
-1.37,58.61,410.38
-66.47,16.99,-779.86
-35.8,12.17,-585.15
-39.98,7.99,-420.03
-59.16,-21.3,-852.39
37.96,66.51,798.54
-23.4,32.18,121.8
-60.2,-75.68,-1356.57
-44.2,-19.62,-702.84
-72.44,-39.58,-1016.19
-30.31,7.98,-389.84
-6.66,18.69,168.83
-34.78,8.52,-455.76
-35.24,10.44,-450.42
-31.75,47.19,-245.71
-19.04,66.42,218.48
58.82,115.71,1679.49
-31.53,-33.6,-1001.4
14.05,70.01,889.76
15.76,20.25,416.14
-13.94,-10.75,-225.63
-35.57,80.99,106.06
-57.6,-44.31,-1026.36
-29.58,10.14,-308.3
-24.54,-72.15,-745.62
58.37,33.47,943.32
-55.41,22.1,-678.75
-60.97,73.61,-320.61
-22.16,64.03,209.78
-17.18,28.9,-229.04
-68.66,-36.99,-1359.5
-42.61,84.61,-54.74
-20.13,-2.79,-498.62
20.33,15.76,676.02
-30.48,26.2,-222.21
3.15,46.11,427.66
13.25,-7.47,215.26
-26.36,-11.47,-283.46
-8.78,65.44,649.19
-9.78,46.99,-59.89
85.3,92.57,1893.22
-26.09,29.94,-158.39
27.52,115.37,1023.42
-7.31,17.53,56.73
-10.31,39.62,198.24
-34.0,15.0,-528.04
-14.78,-33.3,-609.35
49.5,48.6,756.06
-18.65,38.61,8.57
-34.7,-17.06,-584.2
-12.75,83.24,469.22
-57.61,-1.53,-363.08
17.55,81.29,907.35
-64.17,15.36,-565.57
-60.07,18.99,-524.61
5.76,27.03,437.47
-31.23,3.71,-513.44
29.79,37.12,569.89
-17.74,43.05,215.72
-47.04,-10.55,-753.9
-23.65,26.13,-83.52
-25.13,80.53,364.44
-5.03,-22.53,-225.64
-43.81,43.29,-50.13
7.42,-22.74,-105.95
34.47,41.26,835.01
-40.37,-13.32,-651.1
-75.54,79.4,-305.45
22.17,84.44,892.15
10.42,67.93,543.03
-5.7,-14.4,-313.58
-54.49,10.32,-919.8
-40.9,42.51,-464.93
16.47,47.36,577.87
-48.1,-27.75,-717.71
79.8,59.98,1504.1
-27.64,-56.69,-650.72
-16.55,49.48,127.26
-7.84,24.49,-122.96
-36.76,13.01,-253.17
43.96,58.6,963.68
24.79,109.41,952.21
-101.41,-128.01,-2318.84
-23.63,43.61,-47.28
-26.73,-9.38,-375.38
14.61,20.72,365.44
17.98,127.21,1271.13
-3.4,61.64,525.68
-105.27,-13.31,-1650.19
-11.32,69.9,438.47
14.44,43.7,367.95
-51.88,-27.47,-848.32
18.91,79.87,1086.3
-1.05,32.02,359.95
-107.75,-39.8,-1662.45
53.62,49.04,999.31
-19.91,41.31,-66.38
36.07,62.58,867.32
9.34,29.18,386.56
-89.42,25.13,-1200.56
12.63,15.31,125.4
-13.16,28.58,-275.96
17.34,28.12,573.54
-34.84,-27.66,-772.32
-25.03,20.87,-296.04
3.42,50.92,566.16
-18.1,31.79,134.6
7.72,77.99,595.87
-90.53,-4.08,-1333.4
-28.67,8.19,-121.29
-41.53,-13.09,-564.24
-74.25,-9.11,-994.66
9.5,60.83,532.43
10.99,55.47,401.39
-12.87,95.81,496.8
-24.57,-7.56,-528.44
-48.4,-25.74,-747.4
47.12,64.16,1176.36
35.1,110.28,1065.32
85.31,69.74,1337.67
31.55,97.28,908.25
-26.6,32.97,20.77
11.11,52.35,682.43
56.86,-1.37,647.52
29.81,82.91,845.68
-32.23,-2.2,-598.63
-65.16,22.9,-441.63
-7.36,91.43,624.63
-92.16,2.99,-1448.73
-47.95,86.3,110.46
-54.96,10.98,-860.1
28.1,18.07,278.75
16.15,73.07,808.57
12.36,29.05,385.99
-21.91,35.11,241.89
11.33,-9.4,164.07
7.07,70.58,569.98
-30.11,53.43,-271.07
-25.68,-17.94,-282.42
-28.32,37.08,19.86
-1.12,43.59,370.12
-24.48,43.5,-235.53
-29.01,20.24,-282.86
-11.42,20.51,222.29
-37.32,47.02,-55.91
20.97,56.27,845.77
-2.74,72.8,337.01
-18.52,24.33,-86.8
-36.48,-21.14,-557.49
-14.77,39.5,-100.53
29.45,14.81,545.66
63.53,74.55,1465.89
3.35,-6.03,2.33
-14.96,37.06,-71.38
-42.65,83.85,65.8
15.84,13.29,262.17
-17.94,43.94,425.22
-59.67,5.42,-796.4
21.79,34.89,490.42
50.98,96.73,1405.25
-22.31,79.35,241.37
-74.79,17.62,-865.17
-3.28,29.18,-35.02
-29.79,0.08,-579.37
-16.2,53.03,417.73
-71.91,1.67,-1264.64
-42.67,22.31,-276.27
-21.96,8.52,-268.72
-30.45,63.75,108.12
11.95,33.53,388.06
-35.59,16.3,-476.46
-42.35,24.94,86.74
-42.71,14.98,-627.42
-33.9,42.73,-224.44
-48.13,-25.14,-810.75
-10.08,-63.83,-730.32
-25.93,73.69,243.96
0.9,56.11,355.04
-29.21,21.68,-289.73
-22.01,48.63,459.57
28.09,103.91,794.43
-17.69,72.4,134.64
-11.0,42.06,138.66
19.44,29.61,715.22
-25.75,32.87,-61.74
21.23,79.11,859.58
4.19,17.52,6.13
-24.78,-35.27,-604.98
-14.51,-31.88,-316.8
-36.97,-43.41,-994.74
-55.88,-40.4,-1132.33
-65.19,-34.0,-1110.76
-30.72,-16.57,-351.36
-32.44,38.03,-387.67
-43.39,-57.13,-897.73
-18.43,111.19,672.53
2.64,65.97,464.65
-75.66,-36.84,-1012.01
-16.11,28.26,-167.67
-36.19,37.59,-458.87
-42.91,6.03,-688.62
-82.66,-25.69,-1351.88
2.78,58.97,480.96
-45.62,32.33,-364.7
-15.91,66.32,453.66
-25.64,26.0,-314.46
24.87,26.15,28.9
-92.49,-52.52,-1315.23
-41.02,34.0,-471.23
-66.91,-24.61,-1015.04
-10.44,-31.26,-258.61
-9.54,46.35,143.19
-35.6,-25.9,-817.28
34.15,35.78,846.48
25.34,67.98,733.81
-23.14,42.89,105.81
-28.05,-9.29,-415.15
-20.45,-11.22,-209.44
15.91,28.15,420.06
-21.14,-22.86,-548.42
-37.5,-3.43,-614.28
-61.94,-28.56,-1092.84
-32.86,-3.46,-554.11
-26.46,76.96,166.98
-31.17,33.14,-117.32
-10.57,40.84,244.72
-57.43,10.71,-521.15
4.35,56.69,386.22
34.44,69.9,828.57
-39.19,-60.29,-838.8
-12.22,73.95,384.53
-16.84,18.92,-139.61
-65.66,4.05,-900.71
-36.85,-19.67,-552.51
-123.08,14.34,-1450.04
23.52,0.6,487.07
-20.16,123.11,397.79
-28.45,-16.0,-482.2
-69.56,-32.12,-1240.43
-2.6,22.7,286.43
-27.47,39.76,-51.94
-89.75,-2.88,-1331.68
-34.52,59.96,-235.88
-43.09,29.31,-352.2
-46.22,-58.33,-995.83
-5.52,37.62,180.6
-0.83,36.25,21.31
-63.37,13.92,-655.74
-39.73,-48.58,-869.27
-10.69,69.17,313.51
-10.9,63.12,418.71
-38.08,32.93,-347.06
-90.74,-107.6,-1893.01
-40.36,-85.18,-1060.57
-27.86,46.96,-34.05
34.38,-3.73,390.72
-2.46,0.73,83.12
-98.36,-46.75,-1652.07
-42.1,79.06,69.46
-19.9,29.69,-85.72
-113.76,-96.68,-1873.73
-27.14,40.04,22.27
-57.88,-19.65,-940.73
6.73,54.14,479.74
-22.11,24.96,-13.41
54.72,9.74,668.03
-24.19,58.88,-112.24
-59.78,-35.78,-892.59
-50.32,17.86,-334.66
-2.61,6.26,-98.99
-17.79,37.22,28.7
-94.61,5.21,-1267.88
-30.59,60.72,-77.41
-39.08,18.53,-523.59
17.92,3.31,432.77
4.56,115.79,882.41
21.69,63.14,552.28
39.55,125.66,1292.32
-1.04,-20.57,-123.22
-22.29,48.97,52.35
-22.91,-11.94,-361.81
-58.68,-2.96,-1003.82
35.91,74.2,725.43
-33.27,11.32,-86.25
9.54,21.48,346.22
-9.48,1.9,16.33
-11.93,21.8,326.27
-21.13,57.62,202.45
62.98,36.17,896.54
-44.09,73.93,-99.61
-16.3,34.84,188.46
-5.71,37.38,390.43
17.09,18.74,368.93
-79.19,5.35,-1110.13
-7.09,9.71,-233.31
-27.96,89.04,403.85
-46.78,8.66,-465.8
-26.35,22.86,-318.43
-42.96,46.32,-153.91
-28.16,-1.07,-486.32
12.27,27.7,182.4
-62.34,-32.33,-1091.42
-46.04,27.45,-219.66
10.77,31.96,421.66
-7.92,33.29,224.48
-58.64,21.14,-741.52
0.02,52.41,310.82
4.12,59.96,549.2
1.37,117.58,817.76
-68.3,24.51,-584.67
67.78,76.32,1425.69
-17.02,50.65,231.52
42.81,70.24,1209.82
-13.72,40.73,3.17
5.6,111.47,726.62
-19.38,10.1,-88.73
-73.39,-37.82,-1119.64
17.5,48.1,849.05
5.49,15.79,231.22
-58.99,-62.7,-1097.4
-64.74,-8.82,-765.19
-31.3,40.31,-19.62
-40.39,11.77,-172.91
-91.69,52.4,-871.75
22.7,63.22,638.93
-1.93,25.77,115.75
-0.06,32.05,136.32
-19.19,-47.2,-572.89
-13.22,-58.09,-927.65
-8.94,11.58,-335.21
-86.92,-46.64,-1590.39
33.3,53.91,781.22
10.37,35.98,443.68
43.95,135.18,1963.91
-33.15,7.24,-241.9
-72.03,-23.67,-1183.51
-59.25,4.75,-690.56
0.98,35.93,364.46
-0.53,101.27,605.33
-55.74,49.49,-36.92
-57.28,41.25,-479.84
-36.76,13.74,-325.55
7.18,27.29,326.88
-48.72,56.1,-45.62
51.2,16.5,953.92
-29.3,11.83,-209.56
-94.69,33.74,-950.07
-62.69,48.29,-546.96
-7.56,61.16,326.91
4.09,-1.67,-216.41
3.32,54.74,355.5
-21.75,14.92,54.04
-17.31,23.37,-42.6
-19.94,16.6,-292.12
-16.72,7.0,-103.3
-45.55,40.84,-147.18
-19.52,19.68,-114.65
-5.6,0.97,-146.49
-15.18,49.03,290.12
-43.91,31.99,-427.5
-40.99,8.01,-488.97
21.87,50.54,358.4
5.92,39.23,367.0
-36.74,-8.31,-449.61
-42.14,38.88,-212.65
-4.33,54.49,255.42
-30.8,-20.53,-602.64
15.84,59.51,548.69
-67.9,-50.32,-1140.13
-51.27,7.42,-659.26
58.32,75.01,1147.07
-49.14,3.69,-675.66
-31.11,66.29,266.49
-114.4,-88.96,-2201.61
10.05,127.83,967.47
-30.62,-19.39,-685.66
0.24,43.2,330.79
-67.6,-27.46,-1056.99
2.57,63.45,617.56
-45.72,-11.09,-546.35
-12.57,31.34,39.31
-7.46,13.65,70.44
24.07,173.09,1556.4
-54.14,-98.4,-1468.76
-13.56,16.44,1.0
16.13,47.24,576.03
-6.39,18.61,-91.06
-59.45,-5.96,-828.09
24.3,60.19,620.51
-3.63,55.79,216.74
-47.16,-35.12,-940.25
-28.37,63.9,-41.82
-37.11,40.95,-184.73
-4.73,27.76,410.84
-29.65,-28.32,-566.6
-12.74,-1.38,-539.18
-50.4,41.51,-315.42
16.98,25.73,453.72
-19.27,70.31,192.0
43.07,70.31,1386.26
31.31,18.36,508.62
2.78,22.26,269.92
-24.37,43.07,37.99
-26.46,1.15,-23.88
-21.47,53.44,291.52
1.72,87.47,447.73
18.11,107.7,920.94
-103.0,7.97,-1750.61
-44.29,-35.17,-882.84
-80.75,-7.52,-954.07
-27.13,-36.22,-792.79
-35.65,39.02,-319.65
-7.07,31.52,122.74
-36.01,33.82,-325.22
9.23,70.93,616.22
-13.91,-10.17,-339.05
-36.27,23.63,-308.2
-6.1,32.76,92.22
7.26,41.39,115.81
-44.69,2.44,-902.73
-21.27,43.93,95.42
-33.33,19.76,-206.43
-48.51,10.41,-606.29
8.49,95.29,810.26
-34.07,-27.16,-852.68
-40.69,31.98,-318.75
-36.61,38.49,-424.72
-47.67,9.67,-599.9
-57.89,27.88,-642.43
-99.29,19.06,-1294.72
-38.39,53.21,-224.63
-24.47,36.94,215.48
10.14,137.75,1127.61
46.16,81.92,1439.35
6.17,76.9,613.13
-4.4,45.16,256.23
-42.51,67.46,-127.38
-43.11,-18.41,-559.42
21.01,29.22,215.02
-63.88,7.88,-815.09
4.0,53.91,218.47
-14.69,131.43,657.57
-56.14,-15.89,-697.14
-3.49,24.27,50.08
-42.85,-37.66,-545.12
-16.43,-26.04,-633.09
-18.82,18.92,137.52
12.74,24.24,355.16
-3.37,59.85,311.07
-65.83,51.33,-353.92
7.47,-14.7,-359.33
4.77,51.45,727.99
-37.45,61.89,-266.86
-57.48,-18.26,-1141.19
-12.05,43.54,455.01
-2.3,-1.77,-1.65
-15.33,-0.69,-241.8
8.65,35.53,334.6
-28.47,27.62,-301.24
-12.39,47.48,248.73
-17.24,77.06,521.81
-62.71,70.07,-215.95
-25.02,72.62,289.82
-79.43,37.37,-583.73
-103.68,-11.24,-1290.34
-41.91,4.8,-436.74
10.09,32.57,245.95
13.99,94.84,909.95
-41.16,89.21,199.47
28.69,20.38,672.34
-6.45,-33.35,-422.1
41.98,43.27,1008.18
27.44,89.85,1147.4
-7.84,33.29,216.86
-1.9,33.41,262.53
-59.89,41.63,-437.5
12.33,59.88,390.42
21.13,61.75,618.91
-2.05,36.42,396.27
-32.03,-51.36,-851.09
-28.64,15.26,-474.43
-11.67,59.78,307.76
-69.55,63.37,-685.78
-27.34,44.96,-209.34
-64.65,34.83,-812.82
-32.42,20.84,-352.48
-51.46,-37.5,-910.22
-29.95,32.55,-181.58
-30.93,36.72,7.97
-107.25,-8.56,-1483.98
-9.46,-29.85,-443.55
-15.96,6.18,-273.91
-14.66,14.93,-287.35
-44.81,-18.54,-734.61
28.68,13.02,759.88
3.28,92.83,760.52
-17.29,18.11,57.77
-29.28,61.84,-173.28
11.37,45.55,667.54
38.83,1.73,241.76
26.96,14.06,565.39
-31.74,105.73,482.33
-28.82,7.06,-333.57
-13.36,114.51,465.54
-11.31,26.41,79.99
-45.4,-26.36,-692.35
55.65,81.1,1153.78
-66.69,-27.05,-733.39
10.46,7.01,144.11
-49.54,42.0,-218.97
-24.91,-8.92,-387.66
-32.57,12.49,-259.53
-52.76,-34.55,-1096.98
2.03,70.88,419.62
-27.63,45.15,-125.89
70.05,62.49,1462.13
-5.13,-42.19,-224.89
-57.28,-1.27,-1282.5
-96.73,-61.29,-1460.6
-57.02,69.84,-513.74
-19.17,29.93,28.91
-61.81,41.12,-686.4
34.06,189.99,1715.51
-31.41,103.29,404.72
-14.48,88.09,340.24
2.75,26.58,89.5
-33.83,48.7,133.25
-40.33,0.43,-332.78
33.17,80.55,1094.45
-14.69,-38.0,-553.56
-36.44,-51.3,-762.57
30.75,37.64,795.39
16.46,64.43,712.96
-19.52,27.45,-258.12
4.86,30.76,304.17
-73.2,-43.79,-1230.12
-45.43,10.47,-491.09
-81.16,-0.34,-805.48
-28.5,86.61,120.15
55.77,37.17,883.4
-36.36,-0.5,-409.87
-51.97,-10.3,-855.4
-41.25,-19.61,-549.16
12.28,72.12,695.85
26.51,55.61,690.51
78.43,80.12,1776.46
-29.1,-0.26,-416.46
-22.13,57.42,118.86
-38.08,43.7,-81.37
-38.92,6.73,-746.94
-16.93,-2.65,-402.77
5.89,75.43,672.46
56.02,80.74,1299.34
-27.01,50.05,120.57
-49.1,-32.03,-1005.08
-12.26,68.3,373.29
-41.4,-13.45,-568.22
-82.57,-11.05,-1081.87
-20.41,8.95,-171.5
-23.53,17.58,-125.77
-51.1,25.98,-494.75
-21.9,23.88,137.4
46.99,84.46,1089.3
-109.48,-38.87,-1637.83
16.06,36.07,494.69
-39.48,47.37,-309.46
-19.27,18.42,4.0
24.85,49.55,447.1
23.64,65.19,917.58
-54.52,-35.68,-1046.99
18.41,30.26,487.13
-16.09,6.13,17.87
0.77,32.09,152.24
-22.29,127.23,787.74
-54.84,30.81,-327.56
-50.11,62.29,-119.62
5.63,35.54,418.88
-35.45,78.74,165.49
-46.15,79.25,-216.16
-7.6,120.38,674.2
-24.91,60.43,35.25
4.51,33.22,359.25
-61.77,29.05,-549.21
-48.82,-44.23,-1068.13
-21.99,56.75,-13.46
16.66,56.76,460.46
-34.29,-3.02,-619.3
-3.25,13.14,-167.38
-24.28,-7.79,-279.88
-29.7,16.75,53.02
19.58,21.3,175.41
29.71,59.34,929.34
-63.24,14.14,-663.6
-72.31,-66.95,-1660.0
19.44,57.68,709.73
-56.98,3.36,-484.19
39.85,103.2,1299.14
-0.05,27.19,182.18
-30.6,-50.02,-522.31
-74.09,-33.91,-1253.28
-10.03,104.99,609.55
-32.68,8.71,-183.09
-24.68,81.4,357.48
25.44,87.81,1093.24
-13.74,55.92,182.09
-68.79,9.87,-785.83
-54.34,36.92,-378.96
17.58,27.02,242.65
-54.25,31.22,-707.27
-17.21,59.09,245.44
-25.35,-9.58,-283.5
-21.11,90.9,709.86
-15.24,-36.21,-738.07
13.04,-8.17,173.36
-25.09,-49.21,-567.55
-83.07,42.34,-859.02
33.79,56.42,956.31
45.53,71.4,854.93
-11.64,28.23,236.75
-44.01,73.12,-198.74
-6.95,38.45,148.59
-33.77,-20.61,-775.97
-29.52,12.9,-515.56
23.55,65.33,840.88
-33.72,43.28,-48.07
23.09,64.43,723.55
-43.66,42.38,-213.29
-22.88,26.77,-114.86
-45.55,-58.65,-908.55
-8.05,69.39,608.65
7.02,-10.37,33.08
-52.85,-35.02,-819.73
-31.77,44.48,-21.92
11.54,48.59,590.14
-0.46,86.82,644.74
-46.79,65.8,-29.8
-9.1,36.38,13.9
-21.32,39.07,-180.88
-25.46,79.68,133.87
-8.11,-34.46,-252.92
0.69,19.61,70.45
0.13,-2.28,14.76
-72.19,29.9,-928.59
-6.66,16.53,-129.94
-119.91,-6.56,-1515.67
-57.22,7.81,-912.15
-13.31,-24.57,-446.59
-32.07,39.45,-50.19
-1.63,-29.36,-46.44
1.9,5.03,-121.58
-6.26,23.81,181.3
3.78,34.3,452.41
-9.08,11.8,81.69
-27.07,7.64,-219.37
-32.46,60.58,-71.96
-86.38,5.29,-930.48
-81.65,42.74,-722.93
-24.11,46.23,-35.53
-3.51,64.37,433.86
-55.73,9.02,-653.89
24.43,8.74,342.41
18.12,94.14,665.94
-58.05,-18.65,-1120.66
-44.12,-29.0,-658.2
-55.73,-49.36,-1034.17
4.47,78.15,668.58
-52.25,12.34,-347.69
26.16,80.11,871.71
38.73,90.94,969.99
13.99,-6.93,324.54
-122.22,-80.03,-1964.13
71.33,82.28,1566.83
4.25,22.65,246.09
-77.74,-45.18,-1265.14
-65.99,-33.04,-1071.43
-1.97,61.1,551.22
-36.47,-50.76,-863.23
-9.38,77.41,363.54
-49.67,-48.44,-963.06
-35.14,-13.01,-722.47
-26.97,24.04,-297.44
-140.71,-70.71,-2325.79
-30.09,-96.73,-933.68
-14.09,-12.67,-197.97
-62.19,48.5,-574.27
-12.28,22.94,60.49
24.93,108.42,931.45
-5.88,22.42,327.84
-14.08,-6.16,-89.41
-27.8,77.8,143.62
-76.58,-22.47,-941.96
-36.86,20.27,-352.61
3.98,57.63,473.17
-28.77,-22.02,-543.28
-17.79,60.07,-46.91
3.19,110.69,946.19
54.01,37.89,876.13
-55.39,-13.13,-775.53
13.25,38.77,374.23
-6.67,71.66,586.51
-43.85,-11.44,-413.82
-16.59,21.26,36.42
-18.07,57.13,-203.04
6.36,27.85,62.87
-64.19,-14.35,-934.72
56.95,93.62,1035.42
-19.97,134.92,762.3
-40.07,29.6,-462.0
-33.02,9.09,-366.82
-48.21,31.29,-562.59
20.98,68.77,734.06
31.98,76.61,1134.47
-11.31,40.75,224.77
6.66,78.98,325.16
18.12,8.39,261.91
-14.11,23.51,282.27
-8.53,-1.59,-114.13
8.97,90.44,762.17
15.67,107.54,1058.18
30.81,58.6,1094.1
13.12,59.35,562.51
7.69,-13.28,-111.37
-24.12,26.95,-204.59
-11.1,-8.43,-119.59
75.08,74.4,1487.68
-7.75,-17.37,-147.17
-39.41,39.56,-172.32
-68.58,-13.19,-1335.53
-39.98,20.02,-459.2
-38.96,20.18,-156.34
-59.06,-13.31,-759.55
-39.57,20.24,-588.16
-46.39,71.58,70.78
-16.44,72.75,376.89
-47.31,57.98,-646.25
-37.79,75.92,240.54
0.95,20.55,470.53
-18.56,46.51,120.97
-26.62,27.95,-351.2
-62.65,-25.5,-984.61
12.71,65.46,659.13
-19.06,76.35,251.14
-84.63,-19.7,-1227.7
24.24,44.6,516.64
-16.68,-20.98,7.8
36.62,78.86,1050.14
-0.35,38.42,365.05
-14.44,-18.69,-250.09
62.66,108.63,1391.41
-14.93,72.91,446.35
-27.59,29.5,-34.33
-58.51,1.28,-636.68
-30.23,-35.09,-807.49
51.61,35.87,847.02
-17.52,44.43,164.3
-32.11,54.16,-119.25
-108.04,12.58,-1050.62
21.12,112.05,1280.17
-9.25,-16.26,-286.19
36.63,93.69,1110.49
-27.68,26.85,-207.17
0.95,25.71,127.38
-21.3,63.76,-92.36
-24.5,67.2,123.02
-56.06,56.32,-190.31
7.78,32.89,282.57
-19.73,-20.34,-370.86
-44.21,-3.18,-506.24
13.53,63.85,571.63
-12.38,59.07,259.32
30.78,52.89,772.95
-8.83,-63.02,-540.63
-96.56,-24.21,-1171.58
50.48,62.64,1118.19
-20.5,40.85,-38.21
-35.27,26.36,-239.27
-45.68,28.12,-518.84
-38.0,48.51,-181.52
-15.06,9.66,182.25
-21.0,27.32,-156.88
-11.97,11.94,87.31
-32.94,-13.29,-402.83
-47.92,31.25,-340.3
7.73,44.58,790.04
19.3,50.07,408.59
-13.24,-30.49,-221.26
-23.26,55.04,-2.48
-40.81,37.05,-532.99
-119.5,-75.03,-1736.42
-31.12,96.65,130.2
2.47,-13.41,-190.85
-29.8,37.5,115.39
-18.14,44.74,185.93
-34.71,6.96,-268.1
-33.25,51.48,-202.05
41.33,39.27,722.52
63.35,39.15,757.14
-63.73,-1.27,-660.2
-7.99,-19.62,-386.56
-30.57,-14.09,-234.68
4.44,111.16,1164.77
30.96,105.31,1189.97
-30.74,45.28,-165.85
-3.43,56.01,185.67
3.59,35.35,454.49
-25.56,-5.4,-185.81
37.93,61.82,761.66
59.81,61.57,1236.62
-46.92,-14.24,-641.72
29.02,47.22,678.22
-32.97,60.76,26.66
30.04,152.28,1460.63
-5.44,-0.19,-191.05
-51.78,-52.23,-1005.05
-0.01,100.01,766.03
-16.41,71.89,37.13
14.04,80.72,873.79
-17.28,0.29,-251.11
-23.65,45.54,23.47
-8.01,115.06,664.46
6.93,36.23,442.43
14.87,101.15,1094.73
39.87,105.85,1015.74
9.86,10.72,486.9
-79.79,-38.36,-1445.06
24.56,-29.43,131.22
-2.53,45.01,366.5
-18.38,63.65,85.03
-48.88,7.9,-327.44
7.9,37.2,509.41
-62.31,-43.62,-886.9
32.42,41.7,997.05
22.54,50.97,912.87
-97.48,-11.02,-1548.56
-72.88,-24.59,-1239.61
-47.31,21.4,-551.52
-27.41,41.12,-50.07
0.66,5.0,29.35
-6.56,49.34,607.37
-56.16,8.96,-696.86
12.7,77.64,793.9
31.43,17.77,529.61
-37.66,74.69,-217.88
-41.17,56.92,-68.34
3.98,47.33,327.55
-35.95,45.47,-147.43
-41.02,49.24,-598.8
-4.69,68.05,612.88
-28.61,18.5,-54.32
71.6,130.39,1887.34
-25.93,25.22,-346.66
-40.06,-39.07,-488.53
18.97,83.8,763.71
41.58,53.51,686.48
-9.41,14.58,-58.91
-4.79,31.79,138.01
-3.47,21.47,-1.88
-47.02,-4.09,-827.92
-13.7,33.3,35.42
41.32,68.65,891.08
-17.43,34.16,-209.38
-29.82,93.71,397.0
-59.14,25.21,-804.59
-38.13,29.32,-260.86
-18.06,110.62,624.56
-23.71,-35.85,-556.76
-31.98,57.24,246.13
-58.19,43.14,-164.18
-9.93,6.34,-209.71
-20.24,42.51,140.45
17.89,58.86,801.25
34.11,68.74,1311.54
-26.7,71.96,161.02
-5.95,-8.58,-141.06
-34.22,-33.25,-583.36
38.13,56.83,716.47
-40.98,45.47,40.41
-1.59,44.26,409.02
22.32,23.95,108.97
8.52,52.54,559.73
-71.18,-13.32,-1165.68
36.92,62.38,930.88
-5.65,91.88,485.26
-80.88,49.22,-826.6
-84.08,23.98,-882.19
-23.54,7.29,-154.66
-32.94,44.37,-88.75
36.26,72.81,1056.69
-9.51,75.98,517.7
3.46,24.57,263.76
-96.13,-3.96,-1166.12
-9.5,62.44,421.81
-37.72,12.28,-487.37
7.59,62.98,454.83
-44.49,20.13,-276.42
27.95,43.07,870.68
-13.0,42.42,97.46
-74.46,-12.57,-1057.68
-31.34,-25.28,-899.98
28.78,50.92,755.37
-79.82,74.88,-689.52
7.2,-32.74,-119.95
16.37,53.87,614.32
-42.43,15.31,-821.96
30.16,130.83,1131.58
53.35,94.52,1655.04
-16.86,72.85,318.99
10.13,-50.55,-111.1
-13.28,97.03,733.41
40.03,117.78,1496.13
21.77,80.62,762.53
20.91,23.26,333.8
-13.24,-4.43,-263.65
1.91,27.12,280.48
-32.67,9.04,-356.13
-13.7,-1.1,-240.58
-89.48,24.07,-722.02
21.39,64.41,707.46
-78.82,-27.5,-1371.62
-6.78,23.32,115.82
-73.24,-93.24,-1669.76
-27.39,12.97,-160.73
-12.69,-17.79,-523.4
-15.25,3.71,-48.1
16.73,51.6,417.16
28.38,95.39,1165.87
0.13,30.27,338.19
-15.56,-48.66,-551.76
-33.36,-86.41,-932.46
-40.81,-9.99,-533.44
23.89,83.77,774.08
10.13,-0.69,184.58
-11.25,40.17,280.18
-34.68,14.62,-252.01
-6.71,41.53,439.83
-30.49,14.64,-104.54
-21.4,44.51,314.62
19.5,27.12,257.3
-16.9,38.71,66.12
-11.73,20.7,-41.55
-5.5,19.81,330.06
-30.16,11.11,-680.31
-53.98,58.87,-423.57
17.06,41.52,409.54
12.77,38.5,425.47
-1.49,26.85,477.43
-32.82,53.77,-235.88
-17.75,47.33,124.62
-28.43,6.58,-486.73
-14.89,4.92,-157.67
8.86,13.96,97.01
-7.1,38.47,182.52
22.13,42.21,424.33
-62.97,15.67,-594.61
-16.78,13.97,-94.71
-0.21,72.92,724.78
25.69,88.23,939.12
-1.48,-15.04,-147.06
-29.86,70.22,-27.22
-19.59,43.29,-112.81
7.59,15.17,355.02
-29.0,-15.31,-248.5
-33.87,16.2,-155.15
-30.46,19.25,-216.17
-30.17,-10.64,-647.46
-42.55,-1.79,-675.48
-39.61,67.24,199.56
6.09,3.92,179.03
-49.85,15.91,-420.62
-29.49,56.59,11.22
-24.36,-22.68,-324.68
31.78,17.32,438.68
-45.06,13.64,-725.49
48.01,69.25,1243.98
-26.8,24.2,-107.75
6.56,6.28,436.61
-15.18,11.85,-129.72
-47.58,119.39,163.1
7.02,16.68,66.91
7.14,31.35,512.68
-113.15,-15.16,-1379.19
-44.74,15.26,-635.72
-26.3,74.51,244.83
-4.05,61.16,402.57
18.56,11.28,471.83
-56.52,27.93,-406.65
-39.76,68.0,-100.61
-24.54,17.98,-107.93
-31.57,35.17,153.59
-49.73,-1.49,-579.5
47.55,161.18,1766.31
0.63,-14.73,-179.89
20.38,59.89,648.87
-70.38,-20.11,-1041.25
2.44,-5.71,57.48
-35.66,-9.39,-406.68
-61.41,-30.11,-1038.43
-18.02,13.16,-234.53
-51.89,-4.3,-798.33
-58.38,36.13,-496.78
12.74,72.03,726.21
-40.42,8.18,-259.47
2.35,53.39,217.87
-1.19,10.68,325.53
-19.59,125.15,517.45
-2.69,28.7,213.78
41.47,57.36,808.46
-25.21,-23.85,-556.36
8.97,61.7,627.72
-58.89,64.55,-583.9
-39.59,19.19,-194.63
-25.62,1.49,-421.05
-43.59,1.61,-604.14
-49.2,-14.88,-788.45
-90.68,27.46,-1014.43
-1.71,129.48,884.2
23.05,93.25,1052.59
15.67,19.51,-14.25
-17.47,31.39,-244.65
-52.7,-52.79,-915.98
-49.89,92.92,-141.03
-132.85,-50.72,-2117.06
-58.92,-65.07,-1144.14
14.8,23.15,561.27
5.68,-8.55,275.27
16.91,14.81,110.28
17.51,27.55,370.0
-0.59,-11.53,-185.93
-34.97,-51.35,-836.01
-1.19,60.95,721.23
-4.35,-11.34,251.86
10.08,65.09,663.28
9.64,82.0,636.07
-10.67,39.58,-84.92
-52.77,61.45,9.71
-59.55,65.96,-15.93
-47.39,-5.0,-719.55
-1.48,76.61,490.97
-19.48,-19.63,-304.55
-40.74,86.46,320.01
-36.82,-96.14,-1202.61
12.65,101.02,603.76
-43.1,10.82,-738.32
25.73,138.7,1374.64
-8.09,-21.61,-170.19
38.02,56.42,882.06
-24.11,-2.74,-533.5
-15.73,-0.41,67.26
93.86,78.14,1736.99
-9.89,25.32,-60.89
-40.98,-3.18,-427.85
-0.85,75.72,588.83
-54.78,-7.41,-813.97
-40.59,59.99,-73.11
-16.41,-5.36,-123.81
-91.56,-0.95,-1176.25
-64.82,-35.95,-1436.71
-51.68,71.49,-207.51
5.57,39.44,440.13
-48.5,53.77,-126.01
-36.81,70.49,121.16
32.07,62.02,1039.24
-26.1,19.37,-348.39
-10.5,24.7,-362.44
-61.28,-28.23,-995.49
-3.36,1.76,99.31
-28.7,61.96,-48.94
-30.81,10.88,-269.6
-85.49,59.49,-725.76
-40.4,-37.2,-706.11
-51.82,23.83,-511.35
43.67,30.33,815.04
-9.85,95.44,567.74
12.5,-9.47,208.44
-4.91,75.44,698.02
-6.55,48.92,101.03
20.31,18.33,311.6
-24.55,16.04,-64.4
-60.53,21.39,-679.62
-13.0,26.97,164.64
-18.8,-18.97,-490.59
-87.53,49.67,-779.29
-30.17,9.38,-339.64
-11.71,47.36,-51.19
18.54,127.52,1048.87
-50.4,-0.02,-637.81
-68.47,5.33,-789.28
67.75,101.44,1607.13
-24.36,17.34,-136.53
-59.64,-15.4,-772.61
-42.15,16.2,-261.53
-80.16,24.48,-652.73
-35.38,-32.07,-776.81
21.51,51.37,1025.05
-50.42,14.74,-405.53
-44.51,-13.68,-653.22
-55.91,-15.81,-720.03
-78.54,-1.01,-897.06
-47.48,17.66,-272.02
12.95,-45.0,189.78
-64.66,1.93,-697.16
-29.58,26.1,-269.3
-41.9,43.41,-184.57
-9.79,-3.48,-48.58
11.88,34.23,201.8
91.89,133.51,2174.95
-72.47,-9.26,-943.95
11.27,65.39,409.49
39.15,84.46,877.7
-73.52,-10.94,-1078.67
-17.23,9.83,-7.08
-21.86,15.12,-26.79
-1.49,20.96,186.54
-53.72,18.57,-617.19
-3.18,8.08,111.07
-22.75,14.12,-253.24
-26.45,9.67,-143.84
-39.8,65.17,23.04
-18.17,66.57,338.15
16.78,100.31,1012.55
-22.79,95.23,468.21
-9.63,45.45,75.17
-37.07,59.91,99.05
-5.34,-4.54,-354.15
-7.89,110.41,756.69
7.93,35.8,486.68
-12.55,66.39,14.02
16.15,68.53,623.08
-3.64,66.84,289.51
-19.97,73.59,530.25
-8.52,30.27,410.48
40.64,33.99,815.85
15.87,5.82,92.68
13.95,45.36,659.24
-33.96,-25.16,-566.85
-25.1,8.53,-366.94
-12.9,1.01,-189.82
-16.18,54.06,81.65
-72.41,-2.08,-920.33
-75.19,-51.78,-1085.06
-65.11,92.66,-171.99
-19.26,96.82,370.54
-44.91,16.11,-668.57
29.93,87.42,1115.34
-68.09,30.28,-669.78
-49.75,-20.59,-783.15
3.72,2.29,222.65
-16.97,24.22,14.82
-43.73,68.18,-98.71
-60.62,43.36,-265.13
-47.62,18.12,-781.49
13.69,27.9,408.92
16.01,46.81,523.8
-26.53,12.96,-163.43
-31.94,-20.03,-464.07
6.37,89.37,862.5
-10.37,13.31,185.05
-49.28,40.07,-146.8
-49.7,-29.5,-864.59
-33.73,37.99,-162.58
7.78,79.46,744.01
-44.17,23.05,-266.73
-43.7,19.48,-790.42
-2.42,28.83,-260.46
-40.27,-28.85,-526.73
-6.16,40.86,145.18
-47.58,1.12,-700.85
-69.34,45.84,-543.38
11.43,64.78,521.93
-25.39,32.22,-123.46
-62.0,10.53,-584.0
41.07,-9.55,415.84
-87.65,7.07,-1180.94
14.51,29.27,314.04
-38.79,21.26,-311.89
-23.44,30.39,-153.65
-38.63,47.97,-269.47
-39.16,22.23,-445.84
-47.44,45.82,-206.51
2.65,2.51,48.12
-5.77,-7.77,-277.18
-2.34,34.3,235.88
-34.43,68.24,167.49
-3.16,45.01,221.61
-9.4,-15.45,-236.44
-3.18,76.89,749.11
-4.78,37.69,356.25
-95.24,-1.58,-1118.84
-49.17,-53.63,-1210.87
-13.57,26.55,1.85
37.04,94.69,978.84
20.3,-0.21,209.09
-7.88,71.27,326.82
41.78,113.12,1238.86
8.88,67.49,525.46
-47.99,75.9,-127.66
-70.31,4.53,-895.12
56.59,84.35,1393.94
-15.12,17.46,-169.87
-7.43,42.17,469.03
-16.2,42.03,-24.57
-14.78,13.29,-60.03
-69.38,29.57,-727.18
-2.22,22.95,415.45
-76.44,45.0,-729.53
-34.26,59.47,-90.49
6.7,97.23,669.53
-24.48,-37.93,-724.31
35.24,68.07,721.49
-22.09,44.4,-111.62
-17.81,22.56,-291.38
-42.78,39.93,-125.2
-17.1,-20.06,-298.49
-51.37,28.13,-347.22
-22.68,57.81,-35.48
-30.45,26.09,-228.02
-32.35,8.29,-227.86
-30.55,46.03,-118.57
1.36,64.27,506.9
-28.44,-26.27,-675.48
-34.27,3.54,-498.43
-18.13,-50.68,-512.3
21.15,32.98,341.89
-28.41,66.18,176.93
-1.09,72.94,565.75
-10.92,90.56,555.41
-69.13,-15.15,-825.64
36.43,23.76,311.99
-31.19,23.67,-76.48
-65.7,36.46,-400.66
-23.55,18.14,-377.44
-2.68,62.66,421.38
6.88,-0.93,109.0
-28.25,12.68,91.89
-36.82,28.02,-350.86
-27.53,17.33,-380.27
-16.8,66.82,167.09
13.27,-37.24,-9.7
-33.72,19.85,-461.08
4.0,94.59,724.65
31.92,62.57,918.4
-73.64,56.82,-358.36
-40.55,-53.6,-689.2
11.42,16.49,90.46
-39.74,13.77,-710.79
-23.03,52.39,48.38
-30.58,17.29,-62.86
-26.78,15.42,-308.36
-63.16,-58.23,-1376.45
-20.81,22.6,-128.96
19.99,48.67,552.6
-17.99,14.99,-179.12
-12.14,14.39,-186.88
-10.07,32.69,294.62
-8.52,66.5,367.26
28.32,67.88,857.68
0.19,0.49,101.51
-26.35,47.93,-42.22
-11.63,38.64,99.62
13.62,61.87,482.07
6.31,47.31,437.6
-30.25,4.5,-270.96
-59.34,46.67,-384.88
-48.38,45.81,-544.12
24.0,76.11,1001.73
87.61,155.44,2198.49
-63.64,85.24,77.67
6.98,86.45,785.08
-36.28,-61.0,-1028.79
-23.63,28.76,-117.14
10.98,13.79,330.93
-14.42,6.13,-176.89
-120.55,-65.5,-1916.4
2.52,44.35,517.77
-20.75,76.99,396.22
-84.0,7.17,-1004.08
-88.8,2.04,-1265.7
-36.44,-22.36,-259.96
-72.64,-58.22,-1388.2
40.97,73.31,1041.86
-43.59,22.34,-464.3
-50.82,52.79,-210.43
-2.72,3.81,96.54
-23.67,49.0,-46.48
-53.4,-15.43,-625.3
28.78,96.09,1118.73
1.01,45.06,526.74
0.88,28.53,139.15
40.48,64.72,1203.75
-12.79,44.73,127.18
34.33,86.34,1281.29
-12.47,-4.13,-144.72
-25.34,27.36,-127.22
-21.53,28.57,-110.24
-12.97,11.18,-1.79
-1.86,97.14,804.81
-44.62,-2.61,-598.4
-10.93,28.72,-321.35
13.06,18.75,541.45
-9.76,18.43,-183.9
-48.47,76.3,-128.0
-11.49,59.13,191.86
-23.85,-11.58,-501.93
-45.08,28.83,-640.99
-94.83,-25.73,-1201.49
62.24,76.67,1047.59
-10.64,-16.11,-63.54
-79.84,-18.66,-1161.95
-41.86,20.14,-370.11
18.1,41.05,462.64
-9.53,-25.9,-337.61
-14.64,103.84,492.8
-25.45,18.85,-75.15
-54.16,49.73,-341.12
13.15,11.15,6.05
-26.58,-32.42,-721.48
-32.03,55.43,123.53
8.21,21.61,130.8
-42.35,45.39,-184.66
16.88,14.71,201.04
-102.64,-58.93,-1865.81
-1.51,32.08,230.46
-9.68,31.09,348.91
-25.11,-32.25,-636.2
-10.65,12.12,113.82
40.65,154.53,1667.76
-106.69,-27.02,-1475.01
0.3,43.32,376.0
-68.89,-54.89,-1093.39
-28.08,77.37,156.37
-2.67,60.94,430.59
-0.75,120.18,835.87
-15.66,45.88,29.23
49.56,77.33,1166.01
-52.41,10.82,-597.4
3.5,90.9,532.42
-92.37,-5.91,-1222.83
31.89,98.53,1194.18
27.06,144.79,1327.33
-41.65,-7.6,-715.81
-51.97,48.04,-400.3
-28.9,0.52,-238.11
-35.53,16.35,-437.01
-107.96,-87.95,-2040.59
59.85,26.27,931.5
27.04,52.12,612.0
51.33,54.61,1297.92
-19.39,32.21,94.81
-16.4,42.42,106.26
5.73,-22.39,-115.7
20.77,84.46,683.4
8.47,-21.03,-158.06
-77.7,12.62,-1135.69
-17.05,60.69,217.11
-46.8,1.0,-624.61
19.6,120.65,1092.25
-11.23,44.84,38.61
-32.76,-47.77,-744.12
0.04,57.17,632.63
-11.89,61.31,334.19
-6.6,101.13,588.53
-39.66,-38.83,-778.78
-27.87,90.38,586.05
-1.04,83.26,228.06
-14.87,79.06,266.02
-40.12,-1.31,-388.59
34.48,105.35,1070.05
20.75,55.38,616.5
15.56,70.91,575.36
-56.59,-9.61,-810.86
-22.69,67.36,253.08
17.93,12.12,223.05
-38.58,65.28,134.23
-61.33,-49.91,-1017.12
28.37,12.48,186.72
-20.08,42.43,274.4
-22.59,8.6,-335.62
-39.64,22.13,-170.92
-58.34,-28.72,-1214.94
53.04,122.8,1635.57
-78.61,-10.74,-819.45
-7.69,89.96,233.61
5.53,15.47,184.72
-44.05,-74.45,-1129.42
-28.53,74.25,68.09
-15.93,65.66,-61.41
-31.11,66.63,124.21
-44.22,-5.89,-568.74
-1.66,78.61,551.33
-34.73,27.03,-683.74
33.61,16.21,698.63
31.19,73.52,891.19
18.31,77.91,1149.72
21.71,142.24,1352.09
-101.04,-14.5,-1316.8
-113.52,3.88,-1357.86
-58.06,-32.88,-647.04
-26.78,27.36,-255.2
-40.65,63.6,-67.53
-25.6,-18.03,-374.14
29.75,63.78,878.93
-77.77,-13.8,-989.44
-23.27,41.49,73.66
19.02,76.39,956.77
-107.92,-37.86,-1748.46
6.48,48.2,353.53
-45.93,-57.38,-935.81
-56.63,-74.21,-1142.21
19.26,-12.56,40.92
-55.42,21.41,-756.27
4.37,-4.33,125.14
-1.25,14.85,141.75
-8.43,-63.86,-356.54
-14.39,80.29,310.43
-15.92,-7.58,-362.42
-13.59,32.19,-32.37
-26.87,6.01,-449.07
-97.24,40.93,-1045.66
12.64,38.59,487.52
2.69,52.74,354.08
-18.04,43.52,159.72
-65.83,-17.0,-537.06
-30.36,-27.85,-697.34
-45.71,6.0,-445.99
0.51,-39.98,-151.85
1.87,-0.43,-190.62
11.95,-22.21,-39.96
-53.28,12.74,-487.76
25.38,23.87,754.64
21.9,47.95,693.47
-60.69,2.96,-806.51
32.11,112.0,1295.13
-38.33,39.32,-452.65
-11.85,74.85,178.08
-10.52,51.84,411.03
-22.02,59.35,54.77
23.68,26.9,681.16
2.13,102.75,708.54
1.18,38.62,280.13
-7.23,47.51,158.85
-1.1,25.35,399.85
-28.03,66.94,143.45
-53.72,-11.05,-945.59
4.87,73.41,505.46
49.64,98.58,1134.3
-90.86,39.72,-969.47
8.05,5.83,157.01
-29.02,7.46,-244.88
-29.13,52.76,80.84
-44.31,-16.83,-389.49
11.72,24.74,525.83
-119.66,22.83,-1371.8
-12.55,76.53,549.37
-36.36,24.04,-306.44
-39.24,49.5,-232.84
7.96,103.3,921.41
-24.56,89.12,335.92
13.01,115.0,985.44
-50.64,-11.77,-790.46
-7.12,68.64,278.92
41.14,-13.31,529.27
16.92,59.66,760.7
6.88,27.8,-28.05
33.12,35.49,725.32
-7.64,53.32,319.22
29.05,54.01,377.51
-30.29,8.77,-234.25
40.54,48.71,1117.41
-3.68,-8.2,4.5
16.28,12.61,413.99
-24.16,5.99,-390.8
-34.81,-43.33,-769.89
-47.42,-19.26,-649.2
20.71,10.07,222.36
2.67,41.16,578.03
0.28,30.68,77.49
-29.15,17.35,-225.73
-31.23,18.68,-239.74
1.59,53.32,669.3
-63.74,62.39,-558.64
-88.05,12.16,-848.61
41.41,85.13,811.13
7.96,42.5,357.75
-27.36,-8.28,-469.82
13.52,107.54,1027.76
-0.16,25.27,81.57
3.67,52.78,400.81
-70.05,-69.69,-1345.8
23.06,132.9,1511.68
-69.45,-12.97,-1041.7
-45.97,63.31,-111.18
-0.83,10.7,222.46
5.67,86.76,566.17
24.22,100.83,1041.7
-75.49,26.91,-785.57
-13.62,26.84,-50.91
-0.18,-3.04,-140.16
-15.03,70.43,441.86
11.59,41.93,426.82
-27.1,44.45,-63.47
26.25,129.6,1318.13
-14.63,-33.5,-536.23
12.55,4.42,322.55
-18.23,22.39,99.22
-9.5,23.5,-74.98
35.17,67.03,491.22
10.92,26.02,347.57
29.19,77.09,864.31
-16.51,12.19,-114.39
-83.65,11.05,-1202.78
-26.7,-36.12,-687.27
-17.63,4.57,-16.98
-40.16,4.66,-635.1
21.58,62.42,648.38
-55.3,66.08,-279.39
13.72,97.55,961.19
-55.52,37.7,-376.22
-26.19,94.05,301.25
-15.62,43.15,355.05
-34.1,25.95,-275.59
-61.7,-0.67,-801.99
-48.42,-2.96,-701.5
38.28,30.37,768.11
-1.97,85.34,639.82
-36.31,7.82,-448.73
11.98,102.92,1089.58
-33.86,-31.94,-781.18
-39.37,-28.07,-692.92
-5.73,111.45,784.06
39.36,38.09,705.43
-12.5,82.93,639.02
14.86,99.02,897.17
20.41,-5.2,323.33
-29.53,19.3,-271.93
-24.22,14.73,-200.5
-19.09,43.33,-27.13
-19.07,-56.53,-746.41
-24.15,74.86,388.09
-56.48,22.24,-680.41
-8.23,22.48,215.61
38.46,73.32,820.71
-55.47,50.04,-211.17
19.35,34.19,380.29
-6.25,110.26,856.72
-26.49,100.14,445.82
9.65,58.01,722.42
-61.35,42.38,-606.99
-6.12,33.94,58.43
-17.6,-12.39,-199.17
-51.17,-20.54,-708.78
-42.56,76.4,175.72
-79.86,-17.08,-961.06
-30.55,10.68,-163.85
-34.59,76.02,124.35
-47.55,33.12,-305.02
-7.75,-16.58,-158.56
-2.3,125.85,719.49
-22.75,108.49,615.28
-27.2,34.18,-78.03
-31.24,64.76,83.16
23.56,32.0,427.61
4.96,73.89,404.15
-41.34,-42.53,-859.75
4.43,98.56,851.03
-121.44,12.4,-1511.65
44.25,110.97,1232.85
-0.38,7.33,-355.62
-33.6,12.82,-364.7
-0.13,75.52,592.22
24.68,108.91,1227.1
-105.76,41.5,-1208.3
-14.1,39.02,95.73
36.97,65.33,765.17
-25.52,67.34,3.0
13.94,28.1,280.54
-37.98,37.26,-112.55
-22.49,-5.38,-335.37
26.48,65.22,593.71
-112.77,-58.05,-1445.88
-70.25,-23.8,-866.08
-5.44,67.33,430.51
14.5,45.2,614.94
-36.89,38.1,-200.06
-30.58,45.43,-7.97
-9.08,54.85,293.14
-5.35,47.77,492.58
-42.88,21.31,-556.01
-28.49,70.66,-91.24
-47.32,67.71,-193.86
6.08,59.23,349.22
26.31,11.14,517.26
-11.53,-9.86,-176.86
-19.38,31.77,-157.92
34.37,35.88,832.77
15.05,9.12,432.6
60.14,56.64,978.58
-2.13,93.22,799.81
-40.73,16.61,-528.44
-54.43,20.28,-323.52
-21.98,32.66,183.69
-2.39,3.89,118.31
3.9,62.81,706.36
2.35,8.32,238.1
-95.97,-16.77,-1451.59
47.29,126.27,1377.62
-36.31,-27.55,-311.42
-22.78,22.52,52.08
-12.09,48.61,309.34
10.83,100.58,866.92
-22.2,22.84,-369.71
-80.24,35.73,-863.35
-9.39,-27.24,-340.29
-69.7,33.08,-503.62
-24.99,74.74,204.96
-28.68,-16.26,-273.68
-36.26,53.34,-135.75
-69.31,9.92,-761.84
-62.22,-2.83,-1153.9
-45.81,51.79,-130.26
-27.28,24.65,-12.57
13.16,75.09,762.26
-62.97,41.59,-582.99
-18.26,26.21,-15.28
-34.5,36.67,-162.86
-20.48,-41.5,-806.56
-46.05,-25.3,-755.4
-38.83,-23.41,-915.36
13.16,114.83,865.32
31.49,89.19,1016.12
-40.36,42.25,-286.49
-15.73,61.83,340.03
-11.39,11.64,255.27
2.13,49.26,500.91
-29.22,72.46,81.08
-40.7,-19.17,-687.98
-21.38,-23.19,-235.23
-14.06,38.61,287.15
-48.4,-14.74,-834.06
-19.61,82.75,237.45
44.07,92.94,1261.55
8.86,55.92,610.82
-8.1,18.97,147.64
34.27,23.19,580.1
-35.54,99.73,230.84
-34.7,71.9,127.15
-28.9,84.34,49.28
-40.34,-5.4,-614.08
-14.46,10.94,-157.6
-2.27,77.1,495.31
-47.31,3.17,-491.29
-5.65,74.14,233.41
-16.02,19.29,-343.17
-0.32,-38.09,-356.36
-107.47,50.47,-1443.43
6.19,100.09,659.7
-52.86,-16.97,-822.32
-17.47,79.65,167.1
-35.18,-13.09,-473.22
-6.44,10.98,118.31
-56.57,13.52,-862.84
-23.91,47.7,93.42
-9.38,17.08,37.58
-4.78,3.98,-172.12
-36.12,-46.8,-617.35
-83.62,-47.14,-1293.64
0.77,61.66,226.31
-18.92,-50.54,-482.27
4.89,59.42,168.16
-34.17,47.23,-160.44
-17.16,108.9,525.94
-56.63,1.71,-701.38
-52.73,-49.86,-1432.73
-32.28,-35.16,-714.01
26.72,30.1,901.25
26.76,91.2,975.9
-44.87,27.44,-548.43
-84.86,58.34,-513.66
-25.51,66.48,271.79
15.51,83.99,796.18
-22.21,118.49,338.78
8.91,71.38,844.6
-24.7,12.84,-7.85
70.8,65.86,1492.57
-78.25,2.65,-948.31
-44.3,21.27,-291.94
-41.04,-26.79,-828.99
-50.34,11.88,-521.88
-64.89,38.57,-522.85
16.09,75.5,707.5
-49.56,-27.01,-1183.96
-11.68,60.62,219.71
8.47,85.93,756.64
-56.58,-29.97,-904.26
3.58,72.97,563.54
11.12,75.23,550.31
-18.96,107.06,369.13
-36.29,15.83,-405.8
-57.56,4.73,-871.91
-83.47,-28.77,-1180.58
-18.9,-48.51,-599.54
24.07,96.65,1142.66
-34.49,37.05,-333.76
-64.04,-25.53,-1087.19
-35.23,91.9,104.4
13.0,-16.09,-78.29
-31.73,29.93,65.49
4.34,82.13,358.24
33.81,18.14,682.75
53.52,39.79,1114.06
-28.35,26.19,-28.76
-39.33,-16.54,-291.24
-43.47,1.99,-548.01
58.39,111.77,1534.5
-49.32,6.79,-591.31
-13.33,13.22,104.25
-23.12,-23.26,-389.05
7.45,65.13,538.47
6.96,50.51,354.62
11.84,35.06,366.22
83.56,109.1,1864.18
18.39,91.66,727.1
8.82,17.93,-65.0
-36.26,20.42,-439.0
-81.78,-61.94,-1364.59
-36.79,25.59,-198.15
14.98,54.48,612.14
-2.1,48.78,366.23
42.63,90.31,1462.46
3.14,108.15,1127.19
41.03,85.35,1140.48
-8.9,41.31,115.36
26.55,43.35,678.06
17.54,34.95,409.88
-12.49,69.86,195.88
30.31,120.93,1325.86
3.6,-39.27,-97.28
32.06,50.87,631.53
61.57,89.54,1291.37
6.48,117.96,1039.65
-39.52,71.96,-78.74
-60.66,82.04,-227.55
-36.94,50.37,-127.92
-35.28,78.13,207.59
-35.49,15.43,-42.8
-43.41,32.65,-434.53
-17.13,98.01,520.89
16.34,56.21,664.85
-48.9,32.29,-241.12
-44.39,-33.1,-969.09
-32.63,-30.22,-513.27
-75.34,14.34,-827.88
45.37,60.92,1332.48
-47.57,3.62,-540.99
9.62,138.05,1092.87
-20.63,-24.86,-68.16
-53.46,32.38,-283.99
-50.37,-4.65,-699.44
-41.41,105.39,199.55
-62.17,-7.18,-754.0
-1.69,11.02,-97.84
-2.54,40.47,77.83
-75.5,-20.73,-1155.4
29.48,33.66,910.09
15.47,18.98,280.49
8.98,108.59,1067.75
-25.48,20.92,-120.03
-74.86,-51.49,-1271.69
-57.55,-47.01,-1041.33
17.94,127.86,1163.06
-3.23,25.94,-111.26
-42.97,25.18,-383.64
-46.24,-46.94,-1050.19
-28.63,-15.12,-472.74
-35.55,68.67,362.66
-34.22,11.85,-429.14
-56.8,25.68,-238.19
-12.78,58.63,452.19
-7.54,26.89,-205.61
-61.24,-56.53,-1087.42
-23.53,-40.13,-786.6
-78.43,-132.18,-1698.32
53.79,91.74,1282.95
-81.54,-11.2,-1070.54
-30.22,21.58,-50.52
-43.6,-8.66,-497.19
-45.08,29.56,-492.32
29.23,70.82,1025.26
-60.76,-40.6,-946.76
-11.38,65.52,154.67
22.13,-11.79,55.75
-9.86,-14.57,-285.99
-46.05,54.96,-174.01
-17.01,31.51,153.15
-41.08,54.19,-554.86
-40.24,28.19,-289.22
-66.91,-29.75,-833.99
-52.49,-3.99,-897.33
-5.17,42.53,113.01
-21.53,69.83,65.13
48.6,143.63,1791.96
-14.02,-1.67,-162.63
-50.27,-23.03,-629.62
-15.95,47.09,137.14
-56.05,41.38,-417.46
54.51,125.85,1704.97
-53.87,18.79,-748.76
-21.15,-32.72,-311.52
-34.86,40.71,-293.6
25.58,-8.26,105.17
19.54,21.8,314.9
5.9,10.37,288.14
-3.54,-31.24,-201.69
13.04,72.02,1059.98
-34.77,15.38,-215.73
-73.72,-50.57,-1466.44
-21.35,49.72,-31.1
-1.4,53.34,460.17
-57.78,18.99,-601.54
-31.42,15.21,-166.94
-1.39,34.23,533.3
-32.11,38.46,-171.22
-40.88,-2.3,-373.01
-23.67,42.6,-174.87
-30.85,57.43,13.61
-1.55,81.34,395.06
22.92,84.7,949.49
-19.78,88.3,472.1
-14.35,-28.51,-504.09
-30.94,26.22,-227.45
-3.95,109.3,814.37
24.11,49.71,335.55
17.53,19.92,381.47
-19.49,-21.02,-426.15
61.39,61.55,764.54
-28.09,23.37,-83.8
28.53,113.74,1159.45
-1.97,20.95,211.51
47.66,-12.72,691.23
-15.33,63.9,323.13
-37.0,31.14,-215.34
-28.11,57.92,106.61
-40.25,20.6,-390.58
-70.01,14.18,-523.66
93.93,26.14,1319.91
-42.64,37.06,-293.08
40.9,56.86,761.36
-81.44,6.22,-931.39
-40.18,44.78,-140.22
-49.3,-2.49,-568.3
-49.68,20.95,-708.75
-22.75,71.87,206.8
-17.22,60.23,194.25
-56.8,-12.93,-774.43
-0.12,107.97,709.86
-36.89,40.12,-322.66
-29.87,37.86,262.69
-80.6,-65.34,-1395.44
17.47,46.67,642.82
25.35,115.63,1219.04
-45.47,-41.44,-797.8
30.28,49.36,752.63
-7.77,-17.4,-142.41
-8.07,24.39,-166.39
-47.91,11.11,-408.85
-20.59,-56.84,-642.71
-71.29,-13.81,-910.17
-53.99,22.36,-701.52
-7.77,38.47,197.92
-20.35,-11.18,-323.14
-45.58,21.58,-403.39
-31.47,12.36,-247.65
-30.01,75.69,69.18
1.25,94.11,594.02
-26.07,17.22,-376.89
30.86,71.57,830.75
-27.99,44.7,-259.45
-64.07,-30.8,-1167.72
-21.73,-8.77,-478.59
-71.48,29.06,-607.95
53.07,51.8,1192.32
17.48,15.31,559.54
14.87,4.39,375.45
-9.15,32.41,144.64
17.15,44.78,575.97
15.71,55.74,653.43
-31.97,60.46,90.25
-23.19,61.34,237.02
-2.73,72.08,301.99
25.21,77.27,1012.97
1.04,14.85,50.11
-20.19,15.98,-278.38
-16.75,58.36,169.4
-4.19,45.05,24.68
-38.83,-33.66,-652.52
-22.88,86.89,400.18
-12.84,-4.81,-171.44
-61.39,-58.86,-1244.46
2.09,52.58,347.57
-22.5,1.88,-163.82
-1.04,70.28,816.88
37.23,63.83,1076.65
-28.5,12.13,-311.58
-75.89,-21.67,-1017.99
-30.32,42.43,-57.3
47.4,40.52,982.51
-11.38,76.75,405.92
-35.73,33.47,-358.16
-31.58,13.39,-352.51
-34.6,11.21,-195.03
-83.86,14.26,-893.28
-42.23,-36.57,-848.38
-5.21,-2.83,99.04
-31.32,38.25,-247.54
-25.34,56.96,127.64
11.11,86.45,818.66
-12.47,-29.93,-562.9
16.68,-19.83,214.69
20.91,74.11,807.37
-10.68,21.5,-160.44
-7.9,-15.05,-190.68
32.9,54.85,341.92
51.81,124.86,1610.72
-19.11,13.56,-383.74
35.11,91.59,1015.86
13.79,115.31,905.23
-13.29,21.84,-160.49
-47.89,27.93,-418.75
14.55,47.57,497.66
-37.52,0.05,-558.27
-15.52,-20.53,-494.97
42.04,54.98,818.55
-82.28,-87.54,-1782.6
-7.34,96.52,167.17
2.95,57.32,388.37
28.3,63.34,727.22
71.09,87.44,1534.43
-1.52,-0.05,-177.03
-51.22,20.91,-677.44
12.82,56.43,681.83
-23.81,-19.63,-298.26
-11.6,14.88,76.79
-1.0,34.82,405.15
-46.5,51.84,-264.04
-27.55,37.17,-65.36
3.71,68.98,533.74
-52.49,-67.19,-1126.01
-36.75,-24.63,-845.61
-55.94,-3.56,-1047.02
-44.35,53.13,-396.85
42.17,54.73,768.71
-0.36,99.01,731.42
9.87,25.6,437.93
-67.12,43.12,-406.58
11.57,78.19,744.12
-31.81,-11.07,-603.04
-78.79,-30.16,-1174.65
22.64,62.26,685.02
-43.31,55.1,-50.36
-21.79,36.35,-31.84
4.64,53.96,541.91
-0.64,-46.33,-168.06
7.33,61.36,714.58
-72.48,-17.71,-1343.66
29.8,-4.71,223.62
-53.19,-2.3,-552.66
-73.02,-19.54,-838.45
-68.31,50.94,-155.94
16.04,48.81,807.11
-53.04,-38.26,-884.03
-45.8,-42.25,-932.31
-5.74,92.87,672.0
-21.08,27.37,22.94
52.18,158.71,1805.61
0.96,62.11,676.18
13.08,56.7,765.5
-33.08,-2.96,-302.64
-22.0,48.22,202.36
-31.22,39.94,217.22
-10.18,-10.85,-401.32
-4.2,42.9,58.14
-68.55,-25.22,-986.8
-9.3,66.34,313.41
-8.96,57.36,439.05
12.09,75.1,678.43
52.27,70.57,1564.18
-6.1,26.01,48.92
-24.91,86.23,12.39
-5.67,64.27,609.73
26.47,62.02,677.72
-46.17,-52.05,-1223.15
16.82,46.16,412.9
-56.14,74.98,-244.13
2.57,69.39,372.8
-12.42,13.96,345.05
-44.8,47.4,-328.71
-37.62,20.99,-119.78
26.3,86.92,1050.29
-17.95,8.17,-373.99
-18.55,13.35,27.09
21.15,134.78,1348.43
-20.33,15.86,-275.68
-21.14,45.35,-88.8
28.67,40.93,742.86
-27.59,77.26,390.44
-10.61,80.13,419.17
-84.89,-25.02,-1032.67
-25.52,1.31,8.07
-22.54,57.95,328.28
-39.79,64.49,143.16
-8.72,55.83,273.37
16.35,82.1,1056.52
-28.08,-7.05,-759.08
-19.82,39.25,122.6
-38.03,19.02,-304.89
-36.76,-27.14,-541.12
7.18,70.62,343.27
-33.17,-6.19,-483.81
-39.48,7.79,-550.61
-29.45,34.55,62.23
-58.35,4.33,-430.69
-68.92,-42.19,-1291.26
22.55,168.8,1338.34
-37.53,52.72,-159.76
-33.95,52.1,-280.76
-44.16,-2.05,-619.35
-15.57,49.4,81.57
-23.67,20.53,-307.82
-17.33,-35.3,-362.59
32.43,55.68,640.38
-64.44,32.56,-473.46
-41.38,14.71,-244.68
-39.99,37.4,-241.22
16.08,126.37,935.42
-10.53,48.88,253.52
-48.08,15.49,-549.44
22.29,58.78,589.85
-49.73,-10.08,-651.83
-21.33,49.24,417.03
-38.62,7.23,-612.82
6.35,140.79,921.11
0.05,53.37,392.34
-50.25,78.2,-166.28
1.41,100.24,1011.67
3.95,21.79,360.52
-13.83,1.78,-347.19
-44.32,44.04,-309.37
-8.91,13.11,17.25
-14.24,33.6,198.26
-20.81,1.71,-299.59
-51.86,32.07,-399.08
-12.59,-1.96,-290.68
-12.82,22.56,269.69
5.68,69.28,748.41
26.38,-19.6,-26.32
24.86,64.07,742.61
11.63,25.62,420.9
-52.1,22.18,-298.22
-28.35,43.16,-106.14
48.51,50.67,1065.68
-6.72,74.8,698.92
-63.96,39.11,-616.07
-15.37,54.6,-67.08
-39.09,-7.61,-547.84
20.94,92.91,1004.28
-42.81,35.03,-383.27
39.89,54.49,650.3
-35.74,-17.56,-400.36
26.15,10.59,23.62
-33.72,-38.53,-512.14
8.72,44.84,354.15
-39.83,-3.7,-553.95
-0.48,54.73,354.51
41.32,105.45,1112.68
-10.77,25.88,194.97
0.45,68.82,592.66
-45.24,33.12,-523.53
-62.24,32.25,-705.98
-19.03,68.79,519.16
11.94,12.62,455.64
-24.27,17.94,-289.97
3.81,47.59,443.76
-56.66,-18.98,-540.32
29.58,83.68,1118.09
-41.37,9.03,-418.9
-13.42,-16.7,-84.4
25.41,59.02,479.71
-48.93,43.67,-411.95
-1.08,89.38,380.45
-68.84,72.31,-34.76
-23.41,17.61,-328.98
4.31,67.78,459.57
45.7,106.32,1296.44
20.56,-8.55,55.96
15.0,45.82,607.34
-23.23,120.64,527.36
-39.42,34.2,-250.61
-10.7,83.36,564.25
39.68,46.92,874.11
-11.72,74.02,429.54
-91.62,-56.54,-1647.33
-0.42,42.18,150.98
3.44,14.23,-52.73
-21.61,-35.87,-600.73
-117.24,-16.92,-1469.1
-54.48,6.7,-790.11
0.68,36.52,189.63
-27.22,7.28,-491.34
-14.6,74.55,337.43
-16.7,106.7,467.2
-25.46,-28.03,-442.84
-80.22,-72.45,-1578.67
-22.7,40.7,322.67
30.92,136.06,1500.44
-57.0,13.11,-584.99
-79.19,-53.1,-1177.4
-2.08,-19.51,84.39
-15.34,34.08,408.05
37.71,35.69,1031.45
-116.52,34.34,-1102.42
-15.04,48.62,106.16
17.48,49.37,747.05
-9.64,11.09,-211.49
-51.55,-33.07,-984.17
-53.79,49.17,-385.92
-43.71,-19.35,-793.61
28.96,62.4,824.57
-86.79,-62.52,-1649.26
15.7,57.8,556.38
-65.97,15.31,-1225.76
-12.74,-34.3,-583.64
-76.16,52.17,-727.15
4.54,-16.65,-257.71
24.7,189.14,1305.1
31.81,-25.28,254.6
-18.6,32.61,-45.14
-38.31,77.81,-20.13
-38.33,45.69,-460.47
